{
    "keyboard_name": "narfkb2_iSIAM",
    "manufacturer": "iSIAM",
    "maintainer": "sebastian-stumpf",
    "processor": "RP2040",
    "url": "https://github.com/sebastian-stumpf/narfkb2",
    "usb": {
        "vid": "0x6953",
        "pid": "0x0002",
        "device_version": "1.1.0"
    },
    
    "bootloader": "rp2040",
    "layouts": {
        "LAYOUT": {
            "layout": [
            {"label":"L03", "x":3, "y":0}, 
            {"label":"R43", "x":14, "y":0}, 
            {"label":"L02", "x":2, "y":0.38}, 
            {"label":"L04", "x":4, "y":0.38}, 
            {"label":"R44", "x":13, "y":0.38}, 
            {"label":"R42", "x":15, "y":0.38}, 
            {"label":"L05", "x":5, "y":0.5}, 
            {"label":"R45", "x":12, "y":0.5}, 
            {"label":"L00", "x":0, "y":0.88}, 
            {"label":"L01", "x":1, "y":0.88}, 
            {"label":"R41", "x":16, "y":0.88}, 
            {"label":"R40", "x":17, "y":0.88}, 
            {"label":"L13", "x":3, "y":1.0}, 
            {"label":"R53", "x":14, "y":1.0}, 
            {"label":"L12", "x":2, "y":1.3800000000000001}, 
            {"label":"L14", "x":4, "y":1.3800000000000001}, 
            {"label":"R54", "x":13, "y":1.3800000000000001},
            {"label":"R52", "x":15, "y":1.3800000000000001}, 
            {"label":"L15", "x":5, "y":1.5}, 
            {"label":"L18", "x":7.75, "y":1.5}, 
            {"label":"L58", "x":9.25, "y":1.5}, 
            {"label":"R55", "x":12, "y":1.5}, 
            {"label":"L10", "x":0, "y":1.8800000000000001}, 
            {"label":"L11", "x":1, "y":1.8800000000000001}, 
            {"label":"R51", "x":16, "y":1.8800000000000001}, 
            {"label":"R50", "x":17, "y":1.8800000000000001}, 
            {"label":"L23", "x":3, "y":2}, 
            {"label":"R63", "x":14, "y":2}, 
            {"label":"L22", "x":2, "y":2.38}, 
            {"label":"L24", "x":4, "y":2.38}, 
            {"label":"R64", "x":13, "y":2.38}, 
            {"label":"R62", "x":15, "y":2.38}, 
            {"label":"L25", "x":5, "y":2.5}, 
            {"label":"R65", "x":12, "y":2.5}, 
            {"label":"L20", "x":0, "y":2.88}, 
            {"label":"L21", "x":1, "y":2.88}, 
            {"label":"R61", "x":16, "y":2.88}, 
            {"label":"R60", "x":17, "y":2.88}, 
            {"label":"L36", "x":-2.25, "y":3.38}, 
            {"label":"R76", "x":-0.25, "y":3.88}, 
            {"label":"L26", "x":-0.25, "y":3.13, "w":0.75, "h":0.75}, 
            {"label":"L27", "x":0.5, "y":3.13, "w":0.75, "h":0.75}, 
            {"label":"L28", "x":1.25, "y":3.13, "w":0.75, "h":0.75}, 
            {"label":"L37", "x":-0.5, "y":4.38}, 
            {"label":"L38", "x":1, "y":4.13}, 
            {"label":"R78", "x":-3.5, "y":3.69}, 
            {"label":"R68", "x":-3.5, "y":2.98, "w":0.75, "h":0.75}, 
            {"label":"R67", "x":-2.75, "y":2.98, "w":0.75, "h":0.75}, 
            {"label":"R66", "x":-2, "y":2.98, "w":0.75, "h":0.75}, 
            {"label":"R77", "x":-2, "y":4.28}]
        }
    }
}

