{
  "name": "narfkb2_iSIAM",
  "vendorProductId": 1767047170,
  "macros": ["", "", "", "", "", "", "", "", "", "", "", "", "", "", "", ""],
  "layers": [
    [
      "KC_TAB",
      "KC_Q",
      "KC_W",
      "KC_E",
      "KC_R",
      "KC_T",
      "KC_NO",
      "KC_NO",
      "KC_NO",
      "KC_LCTL",
      "KC_A",
      "KC_S",
      "KC_D",
      "KC_F",
      "KC_G",
      "KC_NO",
      "KC_NO",
      "KC_MPLY",
      "KC_LALT",
      "KC_Z",
      "KC_X",
      "KC_C",
      "KC_V",
      "KC_B",
      "KC_NO",
      "KC_NO",
      "KC_NO",
      "KC_NO",
      "KC_NO",
      "KC_NO",
      "KC_NO",
      "KC_NO",
      "KC_NO",
      "KC_LGUI",
      "FN_MO13",
      "KC_SFTENT",
      "KC_BSPC",
      "KC_P",
      "KC_O",
      "KC_I",
      "KC_U",
      "KC_Y",
      "KC_NO",
      "KC_NO",
      "KC_NO",
      "KC_QUOT",
      "KC_SCLN",
      "KC_L",
      "KC_K",
      "KC_J",
      "KC_H",
      "KC_NO",
      "KC_NO",
      "KC_MUTE",
      "KC_SFTENT",
      "KC_SLSH",
      "KC_DOT",
      "KC_COMM",
      "KC_M",
      "KC_N",
      "KC_NO",
      "KC_NO",
      "KC_NO",
      "KC_NO",
      "KC_NO",
      "KC_NO",
      "KC_NO",
      "KC_NO",
      "KC_NO",
      "KC_RALT",
      "FN_MO23",
      "KC_SPC"
    ],
    [
      "KC_ESC",
      "KC_1",
      "KC_2",
      "KC_3",
      "KC_4",
      "KC_5",
      "KC_NO",
      "KC_NO",
      "KC_NO",
      "KC_CAPS",
      "KC_DEL",
      "KC_NO",
      "KC_VOLD",
      "KC_VOLU",
      "KC_PDOT",
      "KC_NO",
      "KC_NO",
      "KC_TRNS",
      "KC_LSFT",
      "KC_BSPC",
      "KC_MPRV",
      "KC_MPLY",
      "KC_MNXT",
      "KC_NO",
      "KC_NO",
      "KC_NO",
      "KC_NO",
      "KC_NO",
      "KC_NO",
      "KC_NO",
      "KC_NO",
      "KC_NO",
      "KC_NO",
      "KC_TRNS",
      "KC_TRNS",
      "KC_TRNS",
      "KC_DEL",
      "KC_0",
      "KC_9",
      "KC_8",
      "KC_7",
      "KC_6",
      "KC_NO",
      "KC_NO",
      "KC_NO",
      "S(KC_6)",
      "KC_NO",
      "KC_PGDN",
      "KC_UP",
      "KC_PGUP",
      "KC_HOME",
      "KC_NO",
      "KC_NO",
      "KC_TRNS",
      "KC_SFTENT",
      "KC_PSCR",
      "KC_RGHT",
      "KC_DOWN",
      "KC_LEFT",
      "KC_END",
      "KC_NO",
      "KC_NO",
      "KC_NO",
      "KC_NO",
      "KC_NO",
      "KC_NO",
      "KC_NO",
      "KC_NO",
      "KC_NO",
      "KC_TRNS",
      "KC_TRNS",
      "KC_TRNS"
    ],
    [
      "KC_TAB",
      "S(KC_1)",
      "S(KC_2)",
      "S(KC_3)",
      "S(KC_4)",
      "S(KC_5)",
      "KC_NO",
      "KC_NO",
      "KC_NO",
      "KC_LCTL",
      "S(KC_SLSH)",
      "KC_NO",
      "KC_NO",
      "S(KC_COMM)",
      "S(KC_DOT)",
      "KC_NO",
      "KC_NO",
      "KC_TRNS",
      "KC_LSFT",
      "KC_NO",
      "KC_NO",
      "KC_NO",
      "S(KC_LBRC)",
      "S(KC_RBRC)",
      "KC_NO",
      "KC_NO",
      "KC_NO",
      "KC_NO",
      "KC_NO",
      "KC_NO",
      "KC_NO",
      "KC_NO",
      "KC_NO",
      "KC_TRNS",
      "KC_TRNS",
      "KC_TRNS",
      "KC_DEL",
      "S(KC_0)",
      "S(KC_9)",
      "S(KC_8)",
      "S(KC_7)",
      "S(KC_6)",
      "KC_NO",
      "KC_NO",
      "KC_NO",
      "KC_GRV",
      "KC_BSLS",
      "KC_RBRC",
      "KC_LBRC",
      "KC_EQL",
      "KC_MINS",
      "KC_NO",
      "KC_NO",
      "KC_TRNS",
      "S(KC_GRV)",
      "S(KC_BSLS)",
      "S(KC_RBRC)",
      "S(KC_LBRC)",
      "KC_PPLS",
      "S(KC_MINS)",
      "KC_NO",
      "KC_NO",
      "KC_NO",
      "KC_NO",
      "KC_NO",
      "KC_NO",
      "KC_NO",
      "KC_NO",
      "KC_NO",
      "KC_TRNS",
      "KC_TRNS",
      "KC_TRNS"
    ],
    [
      "KC_F1",
      "KC_F2",
      "KC_F3",
      "KC_F4",
      "KC_F5",
      "KC_F6",
      "KC_NO",
      "KC_NO",
      "KC_NO",
      "KC_NO",
      "KC_NO",
      "KC_NO",
      "KC_NO",
      "KC_NO",
      "KC_NO",
      "KC_NO",
      "KC_NO",
      "KC_TRNS",
      "KC_NO",
      "KC_NO",
      "KC_NO",
      "KC_NO",
      "KC_NO",
      "KC_NO",
      "KC_NO",
      "KC_NO",
      "KC_NO",
      "KC_NO",
      "KC_NO",
      "KC_NO",
      "KC_NO",
      "KC_NO",
      "KC_NO",
      "KC_TRNS",
      "KC_TRNS",
      "KC_TRNS",
      "KC_F12",
      "KC_F11",
      "KC_F10",
      "KC_F9",
      "KC_F8",
      "KC_F7",
      "KC_NO",
      "KC_NO",
      "KC_NO",
      "KC_NO",
      "KC_NO",
      "KC_MS_BTN2",
      "KC_MS_UP",
      "KC_MS_BTN1",
      "KC_MS_WH_UP",
      "KC_NO",
      "KC_NO",
      "KC_TRNS",
      "KC_NO",
      "KC_NO",
      "KC_MS_RIGHT",
      "KC_MS_DOWN",
      "KC_MS_LEFT",
      "KC_MS_WH_DOWN",
      "KC_NO",
      "KC_NO",
      "KC_NO",
      "KC_NO",
      "KC_NO",
      "KC_NO",
      "KC_NO",
      "KC_NO",
      "KC_NO",
      "KC_TRNS",
      "KC_TRNS",
      "KC_TRNS"
    ]
  ],
  "encoders": [
    [
      ["KC_VOLU", "KC_VOLD"],
      ["KC_TRNS", "KC_TRNS"],
      ["KC_TRNS", "KC_TRNS"],
      ["KC_TRNS", "KC_TRNS"]
    ],
    [
      ["KC_MS_WH_UP", "KC_MS_WH_DOWN"],
      ["KC_TRNS", "KC_TRNS"],
      ["KC_TRNS", "KC_TRNS"],
      ["KC_TRNS", "KC_TRNS"]
    ]
  ]
}