{
    "name": "narfkb2_iSIAM",
    "vendorId": "0x6953",
    "productId": "0x0002",
    "matrix": {"rows": 8, "cols": 9},
    "layouts": {
        "keymap": [
            [{"x":3},"0,3",{"x":10},"4,3"],
            [{"y":-0.62,"x":2},"0,2",{"x":1},"0,4",{"x":8},"4,4",{"x":1},"4,2"],
            [{"y":-0.88,"x":5},"0,5",{"x":6},"4,5"],
            [{"y":-0.62},"0,0","0,1",{"x":14},"4,1","4,0"],
            [{"y":-0.88,"x":3},"1,3",{"x":10},"5,3"],
            [{"y":-0.62,"x":2},"1,2",{"x":1},"1,4",{"x":8},"5,4",{"x":1},"5,2"],
            [{"y":-0.88,"x":5},"1,5",{"x":1.75},"1,8\n\n\n\n\n\n\n\n\ne0",{"x":0.5},"5,8\n\n\n\n\n\n\n\n\ne1",{"x":1.75},"5,5"],
            [{"y":-0.62},"1,0","1,1",{"x":14},"5,1","5,0"],
            [{"y":-0.88,"x":3},"2,3",{"x":10},"6,3"],
            [{"y":-0.62,"x":2},"2,2",{"x":1},"2,4",{"x":8},"6,4",{"x":1},"6,2"],
            [{"y":-0.88,"x":5},"2,5",{"x":6},"6,5"],
            [{"y":-0.62},"2,0","2,1",{"x":14},"6,1","6,0"],
            [{"rx":6.5,"ry":4.25,"y":-0.5,"x":-2.25},"3,6"],
            [{"rx":13,"y":-0.5,"x":-0.25},"7,6"],
            [{"r":15,"rx":6.5,"y":-1.75,"x":-0.25,"w":0.75,"h":0.75},"2,6",{"w":0.75,"h":0.75},"2,7",{"w":0.75,"h":0.75},"2,8"],
            [{"y":0.25,"x":-0.5},"3,7"],
            [{"r":25,"y":-1.25,"x":1},"3,8"],
            [{"r":-25,"rx":13,"y":-1.44,"x":-3.5},"7,8"],
            [{"r":-15,"y":-1.71,"x":-3.5,"w":0.75,"h":0.75},"6,8",{"w":0.75,"h":0.75},"6,7",{"w":0.75,"h":0.75},"6,6"],
            [{"y":0.3,"x":-2},"7,7"]
            

        ]
    }
}